{
    "0": {
        "Releases": 4.458333333333333,
        "Period": 24,
        "WCET": 4,
        "AvgRespTime": 26.75,
        "AvgWaitTime": 2
    },
    "1": {
        "Releases": 5.631578947368421,
        "Period": 19,
        "WCET": 2,
        "AvgRespTime": 5.8,
        "AvgWaitTime": 0
    },
    "2": {
        "Releases": 3.1470588235294117,
        "Period": 34,
        "WCET": 8,
        "AvgRespTime": 55.5,
        "AvgWaitTime": 6
    }
}